Age,Income,Experience,City,Purchase_Amount
28,36394,15,Nashik,2136
41,28556,13,Pune,4196
50,28890,1,Pune,3499
36,55740,9,Pune,3652
32,39502,7,Nashik,1198
29,46777,9,Pune,2660
50,35627,8,Mumbai,4597
42,33792,1,Pune,1354
28,33433,12,Nagpur,3974
47,36016,8,Mumbai,2207
40,48897,8,Mumbai,3277
44,27612,15,Nashik,2233
32,48483,11,Pune,4010
32,42159,3,Mumbai,702
45,39541,1,Mumbai,3755
42,60920,8,Pune,4718
25,51531,3,Nagpur,4996
29,26585,3,Mumbai,1266
45,28943,1,Nashik,4889
24,48939,11,Nagpur,2827
43,44457,5,Mumbai,3431
42,26021,10,Pune,697
23,36653,7,Pune,2430
45,38417,10,Mumbai,4082
33,34692,9,Pune,1108
27,31873,12,Mumbai,3772
23,30675,7,Nagpur,1647
49,25161,9,Pune,4782
42,62065,8,Pune,3897
22,51557,12,Mumbai,3011
33,58763,2,Nagpur,2294
47,57606,1,Pune,1159
43,36534,7,Mumbai,3311
50,54127,7,Pune,1869
33,50851,14,Mumbai,2486
46,26016,8,Pune,646
38,49253,5,Pune,3719
48,49276,3,Mumbai,3411
48,48247,12,Mumbai,2234
31,49300,8,Nashik,2343
49,33529,6,Pune,988
49,42262,11,Pune,3476
37,34268,3,Pune,2459
36,46271,1,Pune,2885
36,37185,3,Mumbai,3419
40,46243,5,Mumbai,2302
33,64099,15,Pune,4561
44,33571,14,Pune,3869
41,64976,3,Pune,762
46,63044,1,Nashik,1123
